{"indexes":[{"v":{"$numberInt":"2"},"key":{"_id":{"$numberInt":"1"}},"name":"_id_"},{"v":{"$numberInt":"2"},"unique":true,"key":{"isoCode":{"$numberInt":"1"}},"name":"isoCode_1","background":true},{"v":{"$numberInt":"2"},"unique":true,"key":{"name":{"$numberInt":"1"}},"name":"name_1","background":true},{"v":{"$numberInt":"2"},"unique":true,"key":{"code":{"$numberInt":"1"}},"name":"code_1","background":true}],"uuid":"2f9d3a8afa1f4b09b64a2cd3d8b1d840","collectionName":"countries","type":"collection"}