{"indexes":[{"v":{"$numberInt":"2"},"key":{"_id":{"$numberInt":"1"}},"name":"_id_"},{"v":{"$numberInt":"2"},"unique":true,"key":{"secret":{"$numberInt":"1"}},"name":"secret_1","background":true},{"v":{"$numberInt":"2"},"unique":true,"key":{"private_api_key":{"$numberInt":"1"}},"name":"private_api_key_1","background":true},{"v":{"$numberInt":"2"},"unique":true,"key":{"api_key":{"$numberInt":"1"}},"name":"api_key_1","background":true}],"uuid":"faba074a172a4df0951f8d7d33d14434","collectionName":"developeraccount","type":"collection"}