{"indexes":[{"v":{"$numberInt":"2"},"key":{"_id":{"$numberInt":"1"}},"name":"_id_"},{"v":{"$numberInt":"2"},"key":{"name":{"$numberInt":"1"},"nextRunAt":{"$numberInt":"1"},"priority":{"$numberInt":"-1"},"lockedAt":{"$numberInt":"1"},"disabled":{"$numberInt":"1"}},"name":"findAndLockNextJobIndex"},{"v":{"$numberInt":"2"},"key":{"nextRunAt":{"$numberInt":"-1"},"lastRunAt":{"$numberInt":"-1"},"lastFinishedAt":{"$numberInt":"-1"}},"name":"nextRunAt_-1_lastRunAt_-1_lastFinishedAt_-1"},{"v":{"$numberInt":"2"},"key":{"name":{"$numberInt":"1"},"nextRunAt":{"$numberInt":"-1"},"lastRunAt":{"$numberInt":"-1"},"lastFinishedAt":{"$numberInt":"-1"}},"name":"name_1_nextRunAt_-1_lastRunAt_-1_lastFinishedAt_-1"}],"uuid":"bb3a5e86e1874d898fe448db8efa837e","collectionName":"payoutJobs","type":"collection"}